index,date,drawdown,drawdown
boolio,2017-01-03,0,0
boolio,2017-01-04,0,0
boolio,2017-01-05,0,0
boolio,2017-01-06,0,0
boolio,2017-01-07,0,0
boolio,2017-01-09,-9.19E-05,-0.009194166
boolio,2017-01-10,0,0
boolio,2017-01-11,-0.005905905,-0.590590502
boolio,2017-01-12,-0.005084274,-0.508427378
boolio,2017-01-13,-0.008042146,-0.804214624
boolio,2017-01-14,-0.008042146,-0.804214624
boolio,2017-01-16,-0.005966912,-0.596691237
boolio,2017-01-17,-0.00773219,-0.773218954
boolio,2017-01-18,-0.012259525,-1.225952526
boolio,2017-01-19,-0.010815029,-1.081502867
boolio,2017-01-20,-0.008153337,-0.815333705
boolio,2017-01-21,-0.008153337,-0.815333705
boolio,2017-01-23,-0.008585308,-0.858530845
boolio,2017-01-24,-0.011568765,-1.156876463
boolio,2017-01-25,-0.011327687,-1.13276872
boolio,2017-01-26,-0.005929521,-0.592952077
boolio,2017-01-27,-0.005929521,-0.592952077
boolio,2017-01-28,-0.005929521,-0.592952077
boolio,2017-01-30,-0.005929521,-0.592952077
boolio,2017-01-31,0,0
boolio,2017-02-01,-0.010399615,-1.03996153
boolio,2017-02-02,-0.007982492,-0.79824923
boolio,2017-02-03,-0.007858839,-0.785883923
boolio,2017-02-04,-0.007858839,-0.785883923
boolio,2017-02-06,-0.0058588,-0.585879998
boolio,2017-02-07,-0.00478027,-0.478027047
boolio,2017-02-08,-0.004893128,-0.489312842
boolio,2017-02-09,-0.004695872,-0.469587234
boolio,2017-02-10,-0.004444641,-0.444464072
boolio,2017-02-11,-0.004444641,-0.444464072
boolio,2017-02-13,-0.001425936,-0.142593574
boolio,2017-02-14,0,0
boolio,2017-02-15,-0.000782623,-0.078262283
boolio,2017-02-16,0,0
boolio,2017-02-17,0,0
boolio,2017-02-18,0,0
boolio,2017-02-20,-0.000852978,-0.085297752
boolio,2017-02-21,0,0
boolio,2017-02-22,0,0
boolio,2017-02-23,0,0
boolio,2017-02-24,0,0
boolio,2017-02-25,0,0
boolio,2017-02-27,-0.00194114,-0.194114006
boolio,2017-02-28,-0.002902992,-0.29029924
boolio,2017-03-01,-0.002902992,-0.29029924
boolio,2017-03-02,-0.002732513,-0.273251303
boolio,2017-03-03,0,0
boolio,2017-03-04,0,0
boolio,2017-03-06,-0.004846683,-0.484668254
boolio,2017-03-07,-0.004088273,-0.408827273
boolio,2017-03-08,-0.004163535,-0.416353477
boolio,2017-03-09,-0.005275097,-0.527509724
boolio,2017-03-10,-0.007256998,-0.725699768
boolio,2017-03-11,-0.007256998,-0.725699768
boolio,2017-03-13,-0.007586028,-0.758602789
boolio,2017-03-14,-0.00284066,-0.284065964
boolio,2017-03-15,-9.75E-05,-0.00974547
boolio,2017-03-16,-0.002233739,-0.223373882
boolio,2017-03-17,0,0
boolio,2017-03-18,0,0
boolio,2017-03-20,0,0
boolio,2017-03-21,-0.002943378,-0.294337802
boolio,2017-03-22,0,0
boolio,2017-03-23,-0.006415097,-0.641509723
boolio,2017-03-24,-0.006421789,-0.642178858
boolio,2017-03-25,-0.006421789,-0.642178858
boolio,2017-03-27,-0.007152102,-0.715210214
boolio,2017-03-28,-0.00679746,-0.679746034
boolio,2017-03-29,-0.006940847,-0.694084651
boolio,2017-03-30,-0.004600784,-0.460078423
boolio,2017-03-31,-0.003107656,-0.310765625
boolio,2017-04-01,-0.003107656,-0.310765625
boolio,2017-04-03,-0.002403152,-0.24031522
boolio,2017-04-04,-0.003736644,-0.373664358
boolio,2017-04-05,-0.00441725,-0.441724993
boolio,2017-04-06,-0.00611303,-0.611303036
boolio,2017-04-07,-0.008814426,-0.88144258
boolio,2017-04-08,-0.008814426,-0.88144258
boolio,2017-04-10,-0.008365149,-0.836514913
boolio,2017-04-11,-0.010813229,-1.0813229
boolio,2017-04-12,-0.012458346,-1.245834632
boolio,2017-04-13,-0.011960318,-1.196031836
boolio,2017-04-14,-0.012349373,-1.234937283
boolio,2017-04-15,-0.012349373,-1.234937283
boolio,2017-04-17,-0.017278033,-1.727803343
boolio,2017-04-18,-0.016173004,-1.617300402
boolio,2017-04-19,-0.012245179,-1.224517888
boolio,2017-04-20,-0.014791717,-1.479171725
boolio,2017-04-21,-0.013651319,-1.365131925
boolio,2017-04-22,-0.013651319,-1.365131925
boolio,2017-04-24,-0.006035602,-0.603560183
boolio,2017-04-25,-0.000730314,-0.073031356
boolio,2017-04-26,0,0
boolio,2017-04-27,0,0
boolio,2017-04-28,0,0
boolio,2017-04-29,0,0
boolio,2017-05-01,0,0
boolio,2017-05-02,-0.000808838,-0.080883751
boolio,2017-05-03,-0.000808838,-0.080883751
boolio,2017-05-04,0,0
boolio,2017-05-05,0,0
boolio,2017-05-06,0,0
boolio,2017-05-08,0,0
boolio,2017-05-09,0,0
boolio,2017-05-10,0,0
boolio,2017-05-11,-0.002825225,-0.282522545
boolio,2017-05-12,0,0
boolio,2017-05-13,0,0
boolio,2017-05-15,-0.00183063,-0.18306297
boolio,2017-05-16,-0.001408177,-0.140817669
boolio,2017-05-17,0,0
boolio,2017-05-18,-0.000275842,-0.027584241
boolio,2017-05-19,-0.006229595,-0.62295953
boolio,2017-05-20,-0.006229595,-0.62295953
boolio,2017-05-22,-0.008044786,-0.804478644
boolio,2017-05-23,-0.002787119,-0.278711909
boolio,2017-05-24,-1.00E-04,-0.009996973
boolio,2017-05-25,0,0
boolio,2017-05-26,0,0
boolio,2017-05-27,0,0
boolio,2017-05-29,0,0
boolio,2017-05-30,0,0
boolio,2017-05-31,-0.001760815,-0.176081486
boolio,2017-06-01,-0.003223124,-0.322312445
boolio,2017-06-02,-0.004602109,-0.460210895
boolio,2017-06-03,-0.004602109,-0.460210895
boolio,2017-06-05,0,0
boolio,2017-06-06,0,0
boolio,2017-06-07,0,0
boolio,2017-06-08,-0.002463807,-0.246380741
boolio,2017-06-09,-0.002291277,-0.229127699
boolio,2017-06-10,-0.002291277,-0.229127699
boolio,2017-06-12,0,0
boolio,2017-06-13,-0.003538776,-0.353877643
boolio,2017-06-14,-0.001896229,-0.189622935
boolio,2017-06-15,-0.000485464,-0.048546391
boolio,2017-06-16,-0.001601483,-0.16014834
boolio,2017-06-17,-0.001601483,-0.16014834
boolio,2017-06-19,-0.00225759,-0.225758971
boolio,2017-06-20,-0.000496414,-0.049641423
boolio,2017-06-21,0,0
boolio,2017-06-22,-0.003838377,-0.383837667
boolio,2017-06-23,-0.002705801,-0.270580063
boolio,2017-06-24,-0.002705801,-0.270580063
boolio,2017-06-26,-0.001950143,-0.195014298
boolio,2017-06-27,0,0
boolio,2017-06-28,0,0
boolio,2017-06-29,-0.004541479,-0.454147869
boolio,2017-06-30,-0.000119895,-0.011989504
boolio,2017-07-01,-0.000119895,-0.011989504
boolio,2017-07-03,-0.003161777,-0.316177746
boolio,2017-07-04,-0.002452398,-0.245239849
boolio,2017-07-05,-0.004076431,-0.407643127
boolio,2017-07-06,-0.002712171,-0.271217107
boolio,2017-07-07,-0.002447857,-0.244785701
boolio,2017-07-08,-0.002447857,-0.244785701
boolio,2017-07-10,-0.006774978,-0.677497791
boolio,2017-07-11,-0.004483348,-0.448334776
boolio,2017-07-12,-0.00178026,-0.178025965
boolio,2017-07-13,-0.001649465,-0.164946506
boolio,2017-07-14,0,0
boolio,2017-07-15,0,0
boolio,2017-07-17,0,0
boolio,2017-07-18,0,0
boolio,2017-07-19,0,0
boolio,2017-07-20,0,0
boolio,2017-07-21,0,0
boolio,2017-07-22,0,0
boolio,2017-07-24,0,0
boolio,2017-07-25,0,0
boolio,2017-07-26,-0.002125111,-0.212511147
boolio,2017-07-27,-0.002258378,-0.225837814
boolio,2017-07-28,0,0
boolio,2017-07-29,0,0
boolio,2017-07-31,-0.007869989,-0.786998872
boolio,2017-08-01,-0.007489096,-0.748909628
boolio,2017-08-02,-0.005162612,-0.516261246
boolio,2017-08-03,-0.003756172,-0.375617162
boolio,2017-08-04,-0.008881231,-0.88812313
boolio,2017-08-05,-0.008881231,-0.88812313
boolio,2017-08-07,-0.008106929,-0.810692884
boolio,2017-08-08,-0.007717095,-0.771709527
boolio,2017-08-09,-0.007564202,-0.756420183
boolio,2017-08-10,-0.012320887,-1.232088667
boolio,2017-08-11,-0.014186008,-1.418600784
boolio,2017-08-12,-0.014186008,-1.418600784
boolio,2017-08-14,-0.024866196,-2.486619589
boolio,2017-08-15,-0.024866196,-2.486619589
boolio,2017-08-16,-0.022283101,-2.228310143
boolio,2017-08-17,-0.016571503,-1.657150317
boolio,2017-08-18,-0.01374521,-1.374520979
boolio,2017-08-19,-0.01374521,-1.374520979
boolio,2017-08-21,-0.019273515,-1.927351474
boolio,2017-08-22,-0.019830548,-1.983054757
boolio,2017-08-23,-0.018364201,-1.836420112
boolio,2017-08-24,-0.015210662,-1.521066213
boolio,2017-08-25,-0.013930291,-1.393029132
boolio,2017-08-26,-0.013930291,-1.393029132
boolio,2017-08-28,-0.014675982,-1.467598214
boolio,2017-08-29,-0.015626425,-1.562642499
boolio,2017-08-30,-0.016516068,-1.651606812
boolio,2017-08-31,-0.015142709,-1.514270949
boolio,2017-09-01,-0.01513198,-1.513198012
boolio,2017-09-02,-0.01513198,-1.513198012
boolio,2017-09-04,-0.013843562,-1.384356229
boolio,2017-09-05,-0.012799237,-1.27992375
boolio,2017-09-06,-0.012843049,-1.284304907
boolio,2017-09-07,-0.014335325,-1.433532482
boolio,2017-09-08,-0.013550293,-1.3550293
boolio,2017-09-09,-0.013550293,-1.3550293
boolio,2017-09-11,-0.01148489,-1.148489037
boolio,2017-09-12,-0.01248898,-1.248898005
boolio,2017-09-13,-0.00948297,-0.948296982
boolio,2017-09-14,-0.007488202,-0.748820217
boolio,2017-09-15,-0.007232486,-0.723248565
boolio,2017-09-16,-0.007232486,-0.723248565
boolio,2017-09-18,-0.008688103,-0.868810274
boolio,2017-09-19,-0.008198128,-0.819812844
boolio,2017-09-20,-0.007530226,-0.753022551
boolio,2017-09-21,-0.00790933,-0.790932972
boolio,2017-09-22,-0.008092623,-0.809262303
boolio,2017-09-23,-0.008092623,-0.809262303
boolio,2017-09-25,-0.009447205,-0.944720527
boolio,2017-09-26,-0.009061842,-0.906184227
boolio,2017-09-27,-0.00951337,-0.951336968
boolio,2017-09-28,-0.008510174,-0.851017412
boolio,2017-09-29,-0.01004805,-1.004804967
boolio,2017-09-30,-0.01004805,-1.004804967
boolio,2017-10-02,-0.01004805,-1.004804967
boolio,2017-10-03,-0.01004805,-1.004804967
boolio,2017-10-04,-0.01004805,-1.004804967
boolio,2017-10-05,-0.01004805,-1.004804967
boolio,2017-10-06,-0.01004805,-1.004804967
boolio,2017-10-07,-0.01004805,-1.004804967
boolio,2017-10-09,-0.01004805,-1.004804967
boolio,2017-10-10,-0.009636757,-0.963675737
boolio,2017-10-11,-0.004190711,-0.419071087
boolio,2017-10-12,-0.003182151,-0.318215063
boolio,2017-10-13,-0.002527659,-0.252765941
boolio,2017-10-14,-0.002527659,-0.252765941
boolio,2017-10-16,-0.002789635,-0.278963472
boolio,2017-10-17,-0.001798063,-0.179806263
boolio,2017-10-18,-0.001479758,-0.147975816
boolio,2017-10-19,-0.001308982,-0.130898244
boolio,2017-10-20,-0.000876231,-0.087623142
boolio,2017-10-21,-0.000876231,-0.087623142
boolio,2017-10-23,-0.000590115,-0.059011504
boolio,2017-10-24,0,0
boolio,2017-10-25,-0.001556615,-0.155661494
boolio,2017-10-26,-0.002193737,-0.21937369
boolio,2017-10-27,-0.004821753,-0.482175329
boolio,2017-10-28,-0.004821753,-0.482175329
boolio,2017-10-30,-0.00521046,-0.521046024
boolio,2017-10-31,-0.00315076,-0.315076021
boolio,2017-11-01,-0.003024766,-0.302476555
boolio,2017-11-02,-0.00213208,-0.213207994
boolio,2017-11-03,-0.002965789,-0.296578932
boolio,2017-11-04,-0.002965789,-0.296578932
boolio,2017-11-06,-0.002583337,-0.258333743
boolio,2017-11-07,-0.002593167,-0.25931668
boolio,2017-11-08,-0.001390409,-0.139040921
boolio,2017-11-09,-0.001980171,-0.198017148
boolio,2017-11-10,-0.001886346,-0.188634566
boolio,2017-11-11,-0.001886346,-0.188634566
boolio,2017-11-13,-0.003476023,-0.347602304
boolio,2017-11-14,-0.007484619,-0.748461927
boolio,2017-11-15,-0.006871624,-0.687162395
boolio,2017-11-16,-0.012315308,-1.231530835
boolio,2017-11-17,-0.010282416,-1.02824157
boolio,2017-11-18,-0.010282416,-1.02824157
boolio,2017-11-20,-0.005844008,-0.584400788
boolio,2017-11-21,-0.009056425,-0.905642506
boolio,2017-11-22,-0.005525,-0.552500011
boolio,2017-11-23,-0.001762138,-0.176213816
boolio,2017-11-24,-0.003497469,-0.349746894
boolio,2017-11-25,-0.003497469,-0.349746894
boolio,2017-11-27,-0.001742479,-0.174247941
boolio,2017-11-28,-0.001171482,-0.117148231
boolio,2017-11-29,0,0
boolio,2017-11-30,0,0
boolio,2017-12-01,0,0
boolio,2017-12-02,0,0
boolio,2017-12-04,0,0
boolio,2017-12-05,-0.001364057,-0.13640571
boolio,2017-12-06,-0.003095701,-0.309570101
boolio,2017-12-07,-0.010050621,-1.005062069
boolio,2017-12-08,-0.005608578,-0.560857762
boolio,2017-12-09,-0.005608578,-0.560857762
boolio,2017-12-11,-0.000407446,-0.040744563
boolio,2017-12-12,0,0
boolio,2017-12-13,0,0
boolio,2017-12-14,0,0
boolio,2017-12-15,-0.001352179,-0.135217911
boolio,2017-12-16,-0.001352179,-0.135217911
boolio,2017-12-18,-0.003857947,-0.385794705
boolio,2017-12-19,0,0
boolio,2017-12-20,0,0
boolio,2017-12-21,-0.001409557,-0.140955653
boolio,2017-12-22,-0.007612483,-0.761248349
boolio,2017-12-23,-0.007612483,-0.761248349
boolio,2017-12-25,-0.007612483,-0.761248349
boolio,2017-12-26,-0.005067378,-0.506737768
boolio,2017-12-27,-0.007174248,-0.717424753
boolio,2017-12-28,-0.00229042,-0.229041958
boolio,2017-12-29,0,0
TOPIX,2017-01-03,0,0
TOPIX,2017-01-04,0,0
TOPIX,2017-01-05,0,0
TOPIX,2017-01-06,-0.001286174,-0.128617363
TOPIX,2017-01-07,-0.001286174,-0.128617363
TOPIX,2017-01-09,-0.001286174,-0.128617363
TOPIX,2017-01-10,-0.008360129,-0.836012862
TOPIX,2017-01-11,-0.003215434,-0.321543408
TOPIX,2017-01-12,-0.012861736,-1.286173633
TOPIX,2017-01-13,-0.007073955,-0.707395498
TOPIX,2017-01-14,-0.007073955,-0.707395498
TOPIX,2017-01-16,-0.01607717,-1.607717042
TOPIX,2017-01-17,-0.029581994,-2.958199357
TOPIX,2017-01-18,-0.027009646,-2.70096463
TOPIX,2017-01-19,-0.017363344,-1.736334405
TOPIX,2017-01-20,-0.01414791,-1.414790997
TOPIX,2017-01-21,-0.01414791,-1.414790997
TOPIX,2017-01-23,-0.026366559,-2.636655949
TOPIX,2017-01-24,-0.031511254,-3.151125402
TOPIX,2017-01-25,-0.021864952,-2.186495177
TOPIX,2017-01-26,-0.006430868,-0.643086817
TOPIX,2017-01-27,-0.003858521,-0.38585209
TOPIX,2017-01-28,-0.003858521,-0.38585209
TOPIX,2017-01-30,-0.007717042,-0.77170418
TOPIX,2017-01-31,-0.021864952,-2.186495177
TOPIX,2017-02-01,-0.018006431,-1.800643087
TOPIX,2017-02-02,-0.028938907,-2.893890675
TOPIX,2017-02-03,-0.026366559,-2.636655949
TOPIX,2017-02-04,-0.026366559,-2.636655949
TOPIX,2017-02-06,-0.022508039,-2.250803859
TOPIX,2017-02-07,-0.025080386,-2.508038585
TOPIX,2017-02-08,-0.019935691,-1.993569132
TOPIX,2017-02-09,-0.027009646,-2.70096463
TOPIX,2017-02-10,-0.005787781,-0.578778135
TOPIX,2017-02-11,-0.005787781,-0.578778135
TOPIX,2017-02-13,-0.000643087,-0.064308682
TOPIX,2017-02-14,-0.010289389,-1.028938907
TOPIX,2017-02-15,-0.001286174,-0.128617363
TOPIX,2017-02-16,-0.002572347,-0.257234727
TOPIX,2017-02-17,-0.007073955,-0.707395498
TOPIX,2017-02-18,-0.007073955,-0.707395498
TOPIX,2017-02-20,-0.005144695,-0.514469453
TOPIX,2017-02-21,0,0
TOPIX,2017-02-22,0,0
TOPIX,2017-02-23,-0.000642261,-0.064226076
TOPIX,2017-02-24,-0.004495825,-0.449582531
TOPIX,2017-02-25,-0.004495825,-0.449582531
TOPIX,2017-02-27,-0.014771997,-1.477199743
TOPIX,2017-02-28,-0.014129737,-1.412973667
TOPIX,2017-03-01,-0.002569043,-0.256904303
TOPIX,2017-03-02,0,0
TOPIX,2017-03-03,-0.003836317,-0.383631714
TOPIX,2017-03-04,-0.003836317,-0.383631714
TOPIX,2017-03-06,-0.006393862,-0.639386189
TOPIX,2017-03-07,-0.005754476,-0.57544757
TOPIX,2017-03-08,-0.008951407,-0.895140665
TOPIX,2017-03-09,-0.006393862,-0.639386189
TOPIX,2017-03-10,0,0
TOPIX,2017-03-11,0,0
TOPIX,2017-03-13,0,0
TOPIX,2017-03-14,-0.001902346,-0.190234623
TOPIX,2017-03-15,-0.003804692,-0.380469245
TOPIX,2017-03-16,-0.003170577,-0.317057705
TOPIX,2017-03-17,-0.007609385,-0.760938491
TOPIX,2017-03-18,-0.007609385,-0.760938491
TOPIX,2017-03-20,-0.007609385,-0.760938491
TOPIX,2017-03-21,-0.008877616,-0.887761573
TOPIX,2017-03-22,-0.029803424,-2.980342422
TOPIX,2017-03-23,-0.029803424,-2.980342422
TOPIX,2017-03-24,-0.021559924,-2.155992391
TOPIX,2017-03-25,-0.021559924,-2.155992391
TOPIX,2017-03-27,-0.033608117,-3.360811668
TOPIX,2017-03-28,-0.020925808,-2.09258085
TOPIX,2017-03-29,-0.022194039,-2.219403932
TOPIX,2017-03-30,-0.03170577,-3.170577045
TOPIX,2017-03-31,-0.041217502,-4.121750159
TOPIX,2017-04-01,-0.041217502,-4.121750159
TOPIX,2017-04-03,-0.038046925,-3.804692454
TOPIX,2017-04-04,-0.046290425,-4.629042486
TOPIX,2017-04-05,-0.046290425,-4.629042486
TOPIX,2017-04-06,-0.061509195,-6.150919467
TOPIX,2017-04-07,-0.055802156,-5.580215599
TOPIX,2017-04-08,-0.055802156,-5.580215599
TOPIX,2017-04-10,-0.049461002,-4.94610019
TOPIX,2017-04-11,-0.051997464,-5.199746354
TOPIX,2017-04-12,-0.06214331,-6.214331008
TOPIX,2017-04-13,-0.06911858,-6.911857958
TOPIX,2017-04-14,-0.074825618,-7.482561826
TOPIX,2017-04-15,-0.074825618,-7.482561826
TOPIX,2017-04-17,-0.071020926,-7.102092581
TOPIX,2017-04-18,-0.067216233,-6.721623335
TOPIX,2017-04-19,-0.067216233,-6.721623335
TOPIX,2017-04-20,-0.066582118,-6.658211795
TOPIX,2017-04-21,-0.056436271,-5.64362714
TOPIX,2017-04-22,-0.056436271,-5.64362714
TOPIX,2017-04-24,-0.04692454,-4.692454027
TOPIX,2017-04-25,-0.036778694,-3.677869372
TOPIX,2017-04-26,-0.025364616,-2.536461636
TOPIX,2017-04-27,-0.025998732,-2.599873177
TOPIX,2017-04-28,-0.029169309,-2.916930881
TOPIX,2017-04-29,-0.029169309,-2.916930881
TOPIX,2017-05-01,-0.024096386,-2.409638554
TOPIX,2017-05-02,-0.017121116,-1.712111604
TOPIX,2017-05-03,-0.017121116,-1.712111604
TOPIX,2017-05-04,-0.017121116,-1.712111604
TOPIX,2017-05-05,-0.017121116,-1.712111604
TOPIX,2017-05-06,-0.017121116,-1.712111604
TOPIX,2017-05-08,0,0
TOPIX,2017-05-09,-0.002523659,-0.252365931
TOPIX,2017-05-10,-2.22E-16,-2.22045E-14
TOPIX,2017-05-11,0,0
TOPIX,2017-05-12,-0.003783102,-0.378310214
TOPIX,2017-05-13,-0.003783102,-0.378310214
TOPIX,2017-05-15,-0.003783102,-0.378310214
TOPIX,2017-05-16,-0.001261034,-0.126103405
TOPIX,2017-05-17,-0.006935687,-0.693568726
TOPIX,2017-05-18,-0.019546028,-1.954602774
TOPIX,2017-05-19,-0.01702396,-1.702395965
TOPIX,2017-05-20,-0.01702396,-1.702395965
TOPIX,2017-05-22,-0.011979823,-1.197982346
TOPIX,2017-05-23,-0.013240858,-1.32408575
TOPIX,2017-05-24,-0.006935687,-0.693568726
TOPIX,2017-05-25,-0.005044136,-0.504413619
TOPIX,2017-05-26,-0.010718789,-1.071878941
TOPIX,2017-05-27,-0.010718789,-1.071878941
TOPIX,2017-05-29,-0.010088272,-1.008827238
TOPIX,2017-05-30,-0.008827238,-0.882723834
TOPIX,2017-05-31,-0.011349306,-1.134930643
TOPIX,2017-06-01,0,0
TOPIX,2017-06-02,0,0
TOPIX,2017-06-03,0,0
TOPIX,2017-06-05,-0.001861042,-0.186104218
TOPIX,2017-06-06,-0.009925558,-0.992555831
TOPIX,2017-06-07,-0.009305211,-0.930521092
TOPIX,2017-06-08,-0.013647643,-1.364764268
TOPIX,2017-06-09,-0.013027295,-1.302729529
TOPIX,2017-06-10,-0.013027295,-1.302729529
TOPIX,2017-06-12,-0.013027295,-1.302729529
TOPIX,2017-06-13,-0.0117866,-1.17866005
TOPIX,2017-06-14,-0.013027295,-1.302729529
TOPIX,2017-06-15,-0.014888337,-1.488833747
TOPIX,2017-06-16,-0.009925558,-0.992555831
TOPIX,2017-06-17,-0.009925558,-0.992555831
TOPIX,2017-06-19,-0.003722084,-0.372208437
TOPIX,2017-06-20,0,0
TOPIX,2017-06-21,-0.003710575,-0.371057514
TOPIX,2017-06-22,-0.004329004,-0.432900433
TOPIX,2017-06-23,-0.003710575,-0.371057514
TOPIX,2017-06-24,-0.003710575,-0.371057514
TOPIX,2017-06-26,-0.003092146,-0.309214595
TOPIX,2017-06-27,0,0
TOPIX,2017-06-28,-0.003088326,-0.308832613
TOPIX,2017-06-29,0,0
TOPIX,2017-06-30,-0.008004926,-0.800492611
TOPIX,2017-07-01,-0.008004926,-0.800492611
TOPIX,2017-07-03,-0.006157635,-0.615763547
TOPIX,2017-07-04,-0.009236453,-0.92364532
TOPIX,2017-07-05,-0.003694581,-0.369458128
TOPIX,2017-07-06,-0.005541872,-0.554187192
TOPIX,2017-07-07,-0.01046798,-1.04679803
TOPIX,2017-07-08,-0.01046798,-1.04679803
TOPIX,2017-07-10,-0.005541872,-0.554187192
TOPIX,2017-07-11,0,0
TOPIX,2017-07-12,-0.004917025,-0.49170252
TOPIX,2017-07-13,-0.004917025,-0.49170252
TOPIX,2017-07-14,-0.001229256,-0.12292563
TOPIX,2017-07-15,-0.001229256,-0.12292563
TOPIX,2017-07-17,-0.001229256,-0.12292563
TOPIX,2017-07-18,-0.004302397,-0.430239705
TOPIX,2017-07-19,-0.003687769,-0.36877689
TOPIX,2017-07-20,0,0
TOPIX,2017-07-21,-0.002449479,-0.244947949
TOPIX,2017-07-22,-0.002449479,-0.244947949
TOPIX,2017-07-24,-0.007348438,-0.734843846
TOPIX,2017-07-25,-0.009797918,-0.979791794
TOPIX,2017-07-26,-0.007960808,-0.796080833
TOPIX,2017-07-27,-0.004286589,-0.42865891
TOPIX,2017-07-28,-0.007348438,-0.734843846
TOPIX,2017-07-29,-0.007348438,-0.734843846
TOPIX,2017-07-31,-0.009185548,-0.918554807
TOPIX,2017-08-01,-0.003061849,-0.306184936
TOPIX,2017-08-02,0,0
TOPIX,2017-08-03,-0.000611995,-0.06119951
TOPIX,2017-08-04,-0.001835985,-0.183598531
TOPIX,2017-08-05,-0.001835985,-0.183598531
TOPIX,2017-08-07,0,0
TOPIX,2017-08-08,-0.002440513,-0.244051251
TOPIX,2017-08-09,-0.013422819,-1.342281879
TOPIX,2017-08-10,-0.013422819,-1.342281879
TOPIX,2017-08-11,-0.013422819,-1.342281879
TOPIX,2017-08-12,-0.013422819,-1.342281879
TOPIX,2017-08-14,-0.024405125,-2.440512508
TOPIX,2017-08-15,-0.014032947,-1.403294692
TOPIX,2017-08-16,-0.014032947,-1.403294692
TOPIX,2017-08-17,-0.015253203,-1.525320317
TOPIX,2017-08-18,-0.025625381,-2.562538133
TOPIX,2017-08-19,-0.025625381,-2.562538133
TOPIX,2017-08-21,-0.026845638,-2.684563758
TOPIX,2017-08-22,-0.026235509,-2.623550946
TOPIX,2017-08-23,-0.023794997,-2.379499695
TOPIX,2017-08-24,-0.028676022,-2.867602196
TOPIX,2017-08-25,-0.026235509,-2.623550946
TOPIX,2017-08-26,-0.026235509,-2.623550946
TOPIX,2017-08-28,-0.023794997,-2.379499695
TOPIX,2017-08-29,-0.025625381,-2.562538133
TOPIX,2017-08-30,-0.0195241,-1.952410006
TOPIX,2017-08-31,-0.013422819,-1.342281879
TOPIX,2017-09-01,-0.012202563,-1.220256254
TOPIX,2017-09-02,-0.012202563,-1.220256254
TOPIX,2017-09-04,-0.021964613,-2.196461257
TOPIX,2017-09-05,-0.029896278,-2.989627822
TOPIX,2017-09-06,-0.028676022,-2.867602196
TOPIX,2017-09-07,-0.025015253,-2.50152532
TOPIX,2017-09-08,-0.028065894,-2.806589384
TOPIX,2017-09-09,-0.028065894,-2.806589384
TOPIX,2017-09-11,-0.016473459,-1.647345943
TOPIX,2017-09-12,-0.007321538,-0.732153752
TOPIX,2017-09-13,-0.001220256,-0.122025625
TOPIX,2017-09-14,-0.004270897,-0.427089689
TOPIX,2017-09-15,-0.000610128,-0.061012813
TOPIX,2017-09-16,-0.000610128,-0.061012813
TOPIX,2017-09-18,-0.000610128,-0.061012813
TOPIX,2017-09-19,0,0
TOPIX,2017-09-20,0,0
TOPIX,2017-09-21,0,0
TOPIX,2017-09-22,-0.002398082,-0.239808153
TOPIX,2017-09-23,-0.002398082,-0.239808153
TOPIX,2017-09-25,0,0
TOPIX,2017-09-26,0,0
TOPIX,2017-09-27,-0.004784689,-0.4784689
TOPIX,2017-09-28,0,0
TOPIX,2017-09-29,-0.001193317,-0.119331742
TOPIX,2017-09-30,-0.001193317,-0.119331742
TOPIX,2017-10-02,-0.001789976,-0.178997613
TOPIX,2017-10-03,0,0
TOPIX,2017-10-04,0,0
TOPIX,2017-10-05,-0.001187648,-0.118764846
TOPIX,2017-10-06,0,0
TOPIX,2017-10-07,0,0
TOPIX,2017-10-09,0,0
TOPIX,2017-10-10,0,0
TOPIX,2017-10-11,0,0
TOPIX,2017-10-12,0,0
TOPIX,2017-10-13,0,0
TOPIX,2017-10-14,0,0
TOPIX,2017-10-16,0,0
TOPIX,2017-10-17,0,0
TOPIX,2017-10-18,0,0
TOPIX,2017-10-19,0,0
TOPIX,2017-10-20,0,0
TOPIX,2017-10-21,0,0
TOPIX,2017-10-23,0,0
TOPIX,2017-10-24,0,0
TOPIX,2017-10-25,-0.00284738,-0.284738041
TOPIX,2017-10-26,-0.001708428,-0.170842825
TOPIX,2017-10-27,0,0
TOPIX,2017-10-28,0,0
TOPIX,2017-10-30,-0.000564653,-0.056465274
TOPIX,2017-10-31,-0.003387916,-0.338791643
TOPIX,2017-11-01,0,0
TOPIX,2017-11-02,0,0
TOPIX,2017-11-03,0,0
TOPIX,2017-11-04,0,0
TOPIX,2017-11-06,-0.001114827,-0.11148272
TOPIX,2017-11-07,0,0
TOPIX,2017-11-08,0,0
TOPIX,2017-11-09,-0.002201431,-0.220143093
TOPIX,2017-11-10,-0.009356081,-0.935608145
TOPIX,2017-11-11,-0.009356081,-0.935608145
TOPIX,2017-11-13,-0.018712163,-1.871216291
TOPIX,2017-11-14,-0.021463952,-2.146395157
TOPIX,2017-11-15,-0.040176114,-4.017611447
TOPIX,2017-11-16,-0.030820033,-3.082003302
TOPIX,2017-11-17,-0.029719318,-2.971931756
TOPIX,2017-11-18,-0.029719318,-2.971931756
TOPIX,2017-11-20,-0.031920748,-3.192074849
TOPIX,2017-11-21,-0.025316456,-2.53164557
TOPIX,2017-11-22,-0.022014309,-2.20143093
TOPIX,2017-11-23,-0.022014309,-2.20143093
TOPIX,2017-11-24,-0.020363236,-2.03632361
TOPIX,2017-11-25,-0.020363236,-2.03632361
TOPIX,2017-11-27,-0.022564667,-2.256466703
TOPIX,2017-11-28,-0.024766098,-2.476609796
TOPIX,2017-11-29,-0.01706109,-1.706108971
TOPIX,2017-11-30,-0.013758943,-1.375894331
TOPIX,2017-12-01,-0.011557512,-1.155751238
TOPIX,2017-12-02,-0.011557512,-1.155751238
TOPIX,2017-12-04,-0.01706109,-1.706108971
TOPIX,2017-12-05,-0.014859659,-1.485965878
TOPIX,2017-12-06,-0.028618602,-2.861860209
TOPIX,2017-12-07,-0.01706109,-1.706108971
TOPIX,2017-12-08,-0.007705008,-0.770500826
TOPIX,2017-12-09,-0.007705008,-0.770500826
TOPIX,2017-12-11,-0.002201431,-0.220143093
TOPIX,2017-12-12,-0.001100715,-0.110071547
TOPIX,2017-12-13,-0.003852504,-0.385250413
TOPIX,2017-12-14,-0.00495322,-0.495321959
TOPIX,2017-12-15,-0.013208586,-1.320858558
TOPIX,2017-12-16,-0.013208586,-1.320858558
TOPIX,2017-12-18,0,0
TOPIX,2017-12-19,-0.001100715,-0.110071547
TOPIX,2017-12-20,0,0
TOPIX,2017-12-21,0,0
TOPIX,2017-12-22,0,0
TOPIX,2017-12-23,0,0
TOPIX,2017-12-25,0,0
TOPIX,2017-12-26,-0.002184599,-0.218459858
TOPIX,2017-12-27,-0.001092299,-0.109229929
TOPIX,2017-12-28,-0.006553796,-0.655379574
TOPIX,2017-12-29,-0.007646095,-0.764609503
KOPSI200,2017-01-03,0,0
KOPSI200,2017-01-04,0,0
KOPSI200,2017-01-05,-0.004332624,-0.43326239
KOPSI200,2017-01-06,0,0
KOPSI200,2017-01-07,0,0
KOPSI200,2017-01-09,0,0
KOPSI200,2017-01-10,-3.79E-05,-0.003791613
KOPSI200,2017-01-11,0,0
KOPSI200,2017-01-12,0,0
KOPSI200,2017-01-13,-0.007556955,-0.755695499
KOPSI200,2017-01-14,-0.007556955,-0.755695499
KOPSI200,2017-01-16,-0.014076681,-1.407668087
KOPSI200,2017-01-17,-0.009557325,-0.955732543
KOPSI200,2017-01-18,-0.010631598,-1.063159844
KOPSI200,2017-01-19,-0.008334877,-0.833487683
KOPSI200,2017-01-20,-0.012706057,-1.270605668
KOPSI200,2017-01-21,-0.012706057,-1.270605668
KOPSI200,2017-01-23,-0.010483423,-1.048342286
KOPSI200,2017-01-24,-0.009816633,-0.981663271
KOPSI200,2017-01-25,-0.006667901,-0.666790146
KOPSI200,2017-01-26,0,0
KOPSI200,2017-01-27,0,0
KOPSI200,2017-01-28,0,0
KOPSI200,2017-01-30,0,0
KOPSI200,2017-01-31,-0.008836143,-0.883614315
KOPSI200,2017-02-01,-0.003401361,-0.340136054
KOPSI200,2017-02-02,-0.007357291,-0.735729074
KOPSI200,2017-02-03,-0.006026324,-0.602632357
KOPSI200,2017-02-04,-0.006026324,-0.602632357
KOPSI200,2017-02-06,-0.00366016,-0.366015972
KOPSI200,2017-02-07,-0.005582668,-0.558266785
KOPSI200,2017-02-08,-0.010204082,-1.020408163
KOPSI200,2017-02-09,-0.010314996,-1.031499556
KOPSI200,2017-02-10,-0.006728778,-0.672877847
KOPSI200,2017-02-11,-0.006728778,-0.672877847
KOPSI200,2017-02-13,-0.006174209,-0.617420881
KOPSI200,2017-02-14,-0.009538598,-0.953859805
KOPSI200,2017-02-15,-0.006174209,-0.617420881
KOPSI200,2017-02-16,-0.005730553,-0.573055309
KOPSI200,2017-02-17,-0.006063295,-0.606329488
KOPSI200,2017-02-18,-0.006063295,-0.606329488
KOPSI200,2017-02-20,-0.002772848,-0.277284827
KOPSI200,2017-02-21,0,0
KOPSI200,2017-02-22,0,0
KOPSI200,2017-02-23,0,0
KOPSI200,2017-02-24,-0.009197845,-0.919784529
KOPSI200,2017-02-25,-0.009197845,-0.919784529
KOPSI200,2017-02-27,-0.014364762,-1.436476236
KOPSI200,2017-02-28,-0.010370479,-1.037047895
KOPSI200,2017-03-01,-0.010370479,-1.037047895
KOPSI200,2017-03-02,-0.000879475,-0.087947525
KOPSI200,2017-03-03,-0.011433178,-1.14331782
KOPSI200,2017-03-04,-0.011433178,-1.14331782
KOPSI200,2017-03-06,-0.009087911,-0.908791088
KOPSI200,2017-03-07,-0.00373777,-0.37377698
KOPSI200,2017-03-08,-0.002198688,-0.219868812
KOPSI200,2017-03-09,-0.00465389,-0.465388985
KOPSI200,2017-03-10,-0.002198688,-0.219868812
KOPSI200,2017-03-11,-0.002198688,-0.219868812
KOPSI200,2017-03-13,0,0
KOPSI200,2017-03-14,0,0
KOPSI200,2017-03-15,0,0
KOPSI200,2017-03-16,0,0
KOPSI200,2017-03-17,0,0
KOPSI200,2017-03-18,0,0
KOPSI200,2017-03-20,-0.003938125,-0.393812531
KOPSI200,2017-03-21,0,0
KOPSI200,2017-03-22,-0.004262965,-0.426296505
KOPSI200,2017-03-23,-0.003628805,-0.362880496
KOPSI200,2017-03-24,-0.005390361,-0.539036077
KOPSI200,2017-03-25,-0.005390361,-0.539036077
KOPSI200,2017-03-27,-0.012260428,-1.226042841
KOPSI200,2017-03-28,-0.009124859,-0.912485908
KOPSI200,2017-03-29,-0.006975761,-0.697576099
KOPSI200,2017-03-30,-0.007680383,-0.768038331
KOPSI200,2017-03-31,-0.011273957,-1.127395716
KOPSI200,2017-04-01,-0.011273957,-1.127395716
KOPSI200,2017-04-03,-0.00789177,-0.789177001
KOPSI200,2017-04-04,-0.010287486,-1.028748591
KOPSI200,2017-04-05,-0.010921646,-1.0921646
KOPSI200,2017-04-06,-0.015395998,-1.539599775
KOPSI200,2017-04-07,-0.017016629,-1.701662909
KOPSI200,2017-04-08,-0.017016629,-1.701662909
KOPSI200,2017-04-10,-0.02335823,-2.335822999
KOPSI200,2017-04-11,-0.029417982,-2.941798196
KOPSI200,2017-04-12,-0.026881342,-2.68813416
KOPSI200,2017-04-13,-0.016629087,-1.662908681
KOPSI200,2017-04-14,-0.023005919,-2.300591883
KOPSI200,2017-04-15,-0.023005919,-2.300591883
KOPSI200,2017-04-17,-0.020222661,-2.022266065
KOPSI200,2017-04-18,-0.019764656,-1.976465614
KOPSI200,2017-04-19,-0.02589487,-2.589487035
KOPSI200,2017-04-20,-0.021420519,-2.14205186
KOPSI200,2017-04-21,-0.013352593,-1.335259301
KOPSI200,2017-04-22,-0.013352593,-1.335259301
KOPSI200,2017-04-24,-0.00662345,-0.662344983
KOPSI200,2017-04-25,0,0
KOPSI200,2017-04-26,0,0
KOPSI200,2017-04-27,0,0
KOPSI200,2017-04-28,-0.000452426,-0.04524257
KOPSI200,2017-04-29,-0.000452426,-0.04524257
KOPSI200,2017-05-01,-0.000452426,-0.04524257
KOPSI200,2017-05-02,0,0
KOPSI200,2017-05-03,0,0
KOPSI200,2017-05-04,0,0
KOPSI200,2017-05-05,0,0
KOPSI200,2017-05-06,0,0
KOPSI200,2017-05-08,0,0
KOPSI200,2017-05-09,0,0
KOPSI200,2017-05-10,-0.012239045,-1.223904489
KOPSI200,2017-05-11,-0.000366838,-0.036683786
KOPSI200,2017-05-12,-0.005369172,-0.536917228
KOPSI200,2017-05-13,-0.005369172,-0.536917228
KOPSI200,2017-05-15,-0.003301541,-0.330154072
KOPSI200,2017-05-16,-0.000633629,-0.063362903
KOPSI200,2017-05-17,-0.001734143,-0.17341426
KOPSI200,2017-05-18,-0.004635497,-0.463549657
KOPSI200,2017-05-19,-0.005936104,-0.593610351
KOPSI200,2017-05-20,-0.005936104,-0.593610351
KOPSI200,2017-05-22,0,0
KOPSI200,2017-05-23,0,0
KOPSI200,2017-05-24,0,0
KOPSI200,2017-05-25,0,0
KOPSI200,2017-05-26,0,0
KOPSI200,2017-05-27,0,0
KOPSI200,2017-05-29,-0.001433412,-0.143341152
KOPSI200,2017-05-30,-0.007720876,-0.772087568
KOPSI200,2017-05-31,-0.007460255,-0.746025541
KOPSI200,2017-06-01,-0.009545218,-0.954521762
KOPSI200,2017-06-02,0,0
KOPSI200,2017-06-03,0,0
KOPSI200,2017-06-05,-0.001624273,-0.162427314
KOPSI200,2017-06-06,-0.001624273,-0.162427314
KOPSI200,2017-06-07,-0.006984374,-0.698437449
KOPSI200,2017-06-08,-0.005132703,-0.513270312
KOPSI200,2017-06-09,0,0
KOPSI200,2017-06-10,0,0
KOPSI200,2017-06-12,-0.010149331,-1.014933092
KOPSI200,2017-06-13,-0.004395889,-0.439588855
KOPSI200,2017-06-14,-0.004622148,-0.462214752
KOPSI200,2017-06-15,-0.008694809,-0.869480897
KOPSI200,2017-06-16,-0.008371582,-0.837158187
KOPSI200,2017-06-17,-0.008371582,-0.837158187
KOPSI200,2017-06-19,-0.002488849,-0.248884867
KOPSI200,2017-06-20,-0.000226259,-0.022625897
KOPSI200,2017-06-21,-0.006012024,-0.601202405
KOPSI200,2017-06-22,0,0
KOPSI200,2017-06-23,0,0
KOPSI200,2017-06-24,0,0
KOPSI200,2017-06-26,0,0
KOPSI200,2017-06-27,0,0
KOPSI200,2017-06-28,-0.004100987,-0.41009868
KOPSI200,2017-06-29,0,0
KOPSI200,2017-06-30,-0.002559509,-0.255950857
KOPSI200,2017-07-01,-0.002559509,-0.255950857
KOPSI200,2017-07-03,-0.000543896,-0.054389557
KOPSI200,2017-07-04,-0.00671871,-0.671871001
KOPSI200,2017-07-05,-0.002527515,-0.252751472
KOPSI200,2017-07-06,-0.002015613,-0.2015613
KOPSI200,2017-07-07,-0.006078833,-0.607883286
KOPSI200,2017-07-08,-0.006078833,-0.607883286
KOPSI200,2017-07-10,-0.003519324,-0.351932429
KOPSI200,2017-07-11,0,0
KOPSI200,2017-07-12,-3.19E-05,-0.003188877
KOPSI200,2017-07-13,0,0
KOPSI200,2017-07-14,0,0
KOPSI200,2017-07-15,0,0
KOPSI200,2017-07-17,0,0
KOPSI200,2017-07-18,0,0
KOPSI200,2017-07-19,0,0
KOPSI200,2017-07-20,0,0
KOPSI200,2017-07-21,0,0
KOPSI200,2017-07-22,0,0
KOPSI200,2017-07-24,0,0
KOPSI200,2017-07-25,-0.005776218,-0.577621813
KOPSI200,2017-07-26,-0.007919009,-0.791900873
KOPSI200,2017-07-27,-0.00465824,-0.465824043
KOPSI200,2017-07-28,-0.02447129,-2.447128971
KOPSI200,2017-07-29,-0.02447129,-2.447128971
KOPSI200,2017-07-31,-0.023011708,-2.301170771
KOPSI200,2017-08-01,-0.015434303,-1.543430328
KOPSI200,2017-08-02,-0.013415732,-1.341573243
KOPSI200,2017-08-03,-0.030185398,-3.018539797
KOPSI200,2017-08-04,-0.02655197,-2.655197044
KOPSI200,2017-08-05,-0.02655197,-2.655197044
KOPSI200,2017-08-07,-0.024999224,-2.499922363
KOPSI200,2017-08-08,-0.0267383,-2.673830005
KOPSI200,2017-08-09,-0.038787615,-3.878761529
KOPSI200,2017-08-10,-0.042358933,-4.235893295
KOPSI200,2017-08-11,-0.059904972,-5.99049719
KOPSI200,2017-08-12,-0.059904972,-5.99049719
KOPSI200,2017-08-14,-0.053041831,-5.3041831
KOPSI200,2017-08-15,-0.053041831,-5.3041831
KOPSI200,2017-08-16,-0.04611658,-4.611658023
KOPSI200,2017-08-17,-0.040340362,-4.03403621
KOPSI200,2017-08-18,-0.042296823,-4.229682308
KOPSI200,2017-08-19,-0.042296823,-4.229682308
KOPSI200,2017-08-21,-0.043073196,-4.307319648
KOPSI200,2017-08-22,-0.039346604,-3.934660414
KOPSI200,2017-08-23,-0.038197572,-3.81975715
KOPSI200,2017-08-24,-0.035029968,-3.502996801
KOPSI200,2017-08-25,-0.033539331,-3.353933108
KOPSI200,2017-08-26,-0.033539331,-3.353933108
KOPSI200,2017-08-28,-0.03875656,-3.875656036
KOPSI200,2017-08-29,-0.04152045,-4.152044968
KOPSI200,2017-08-30,-0.038383901,-3.838390112
KOPSI200,2017-08-31,-0.042638427,-4.263842738
KOPSI200,2017-09-01,-0.044191174,-4.419117419
KOPSI200,2017-09-02,-0.044191174,-4.419117419
KOPSI200,2017-09-04,-0.055339896,-5.533989628
KOPSI200,2017-09-05,-0.05574361,-5.574361045
KOPSI200,2017-09-06,-0.058476445,-5.847644483
KOPSI200,2017-09-07,-0.046706624,-4.670662402
KOPSI200,2017-09-08,-0.045278097,-4.527809695
KOPSI200,2017-09-09,-0.045278097,-4.527809695
KOPSI200,2017-09-11,-0.037824912,-3.782491227
KOPSI200,2017-09-12,-0.035992671,-3.599267104
KOPSI200,2017-09-13,-0.037296978,-3.729697835
KOPSI200,2017-09-14,-0.029471134,-2.947113444
KOPSI200,2017-09-15,-0.025837707,-2.58377069
KOPSI200,2017-09-16,-0.025837707,-2.58377069
KOPSI200,2017-09-18,-0.00956492,-0.956492034
KOPSI200,2017-09-19,-0.010869228,-1.086922766
KOPSI200,2017-09-20,-0.010962392,-1.096239247
KOPSI200,2017-09-21,-0.011676656,-1.1676656
KOPSI200,2017-09-22,-0.016459116,-1.645911618
KOPSI200,2017-09-23,-0.016459116,-1.645911618
KOPSI200,2017-09-25,-0.017421819,-1.74218192
KOPSI200,2017-09-26,-0.023974411,-2.397441073
KOPSI200,2017-09-27,-0.025433993,-2.543399273
KOPSI200,2017-09-28,-0.025340828,-2.534082792
KOPSI200,2017-09-29,-0.017825533,-1.782553337
KOPSI200,2017-09-30,-0.017825533,-1.782553337
KOPSI200,2017-10-02,-0.017825533,-1.782553337
KOPSI200,2017-10-03,-0.017825533,-1.782553337
KOPSI200,2017-10-04,-0.017825533,-1.782553337
KOPSI200,2017-10-05,-0.017825533,-1.782553337
KOPSI200,2017-10-06,-0.017825533,-1.782553337
KOPSI200,2017-10-07,-0.017825533,-1.782553337
KOPSI200,2017-10-09,-0.017825533,-1.782553337
KOPSI200,2017-10-10,0,0
KOPSI200,2017-10-11,0,0
KOPSI200,2017-10-12,0,0
KOPSI200,2017-10-13,-0.002316296,-0.231629636
KOPSI200,2017-10-14,-0.002316296,-0.231629636
KOPSI200,2017-10-16,-0.00088385,-0.088384993
KOPSI200,2017-10-17,0,0
KOPSI200,2017-10-18,-0.000334845,-0.033484521
KOPSI200,2017-10-19,-0.006209857,-0.620985663
KOPSI200,2017-10-20,0,0
KOPSI200,2017-10-21,0,0
KOPSI200,2017-10-23,0,0
KOPSI200,2017-10-24,-0.001487327,-0.148732736
KOPSI200,2017-10-25,-0.000424951,-0.042495068
KOPSI200,2017-10-26,-0.00746699,-0.746699044
KOPSI200,2017-10-27,-0.00066778,-0.066777963
KOPSI200,2017-10-28,-0.00066778,-0.066777963
KOPSI200,2017-10-30,0,0
KOPSI200,2017-10-31,0,0
KOPSI200,2017-11-01,0,0
KOPSI200,2017-11-02,-0.003630889,-0.363088913
KOPSI200,2017-11-03,0,0
KOPSI200,2017-11-04,0,0
KOPSI200,2017-11-06,-0.004220406,-0.422040551
KOPSI200,2017-11-07,-0.006109258,-0.610925833
KOPSI200,2017-11-08,-0.003039873,-0.30398725
KOPSI200,2017-11-09,-0.004987752,-0.498775197
KOPSI200,2017-11-10,-0.008470324,-0.847032435
KOPSI200,2017-11-11,-0.008470324,-0.847032435
KOPSI200,2017-11-13,-0.013280996,-1.328099637
KOPSI200,2017-11-14,-0.015376442,-1.537644246
KOPSI200,2017-11-15,-0.019655875,-1.965587463
KOPSI200,2017-11-16,-0.01171679,-1.171679013
KOPSI200,2017-11-17,-0.013723696,-1.372369625
KOPSI200,2017-11-18,-0.013723696,-1.372369625
KOPSI200,2017-11-20,-0.017442375,-1.744237523
KOPSI200,2017-11-21,-0.015701089,-1.570108904
KOPSI200,2017-11-22,-0.009857451,-0.985745064
KOPSI200,2017-11-23,-0.012661217,-1.266121654
KOPSI200,2017-11-24,-0.010005017,-1.000501727
KOPSI200,2017-11-25,-0.010005017,-1.000501727
KOPSI200,2017-11-27,-0.027447392,-2.74473925
KOPSI200,2017-11-28,-0.023138447,-2.313844701
KOPSI200,2017-11-29,-0.02405336,-2.405336009
KOPSI200,2017-11-30,-0.040079096,-4.007909571
KOPSI200,2017-12-01,-0.041466222,-4.1466222
KOPSI200,2017-12-02,-0.041466222,-4.1466222
KOPSI200,2017-12-04,-0.029690405,-2.969040522
KOPSI200,2017-12-05,-0.027211286,-2.72112859
KOPSI200,2017-12-06,-0.042233568,-4.223356846
KOPSI200,2017-12-07,-0.044978308,-4.497830771
KOPSI200,2017-12-08,-0.041761355,-4.176135525
KOPSI200,2017-12-09,-0.041761355,-4.176135525
KOPSI200,2017-12-11,-0.040551309,-4.055130892
KOPSI200,2017-12-12,-0.043561668,-4.356166809
KOPSI200,2017-12-13,-0.037334356,-3.733435646
KOPSI200,2017-12-14,-0.041584275,-4.15842753
KOPSI200,2017-12-15,-0.03718679,-3.718678984
KOPSI200,2017-12-16,-0.03718679,-3.718678984
KOPSI200,2017-12-18,-0.036094797,-3.60947968
KOPSI200,2017-12-19,-0.035622584,-3.56225836
KOPSI200,2017-12-20,-0.038485376,-3.848537615
KOPSI200,2017-12-21,-0.056399965,-5.639996458
KOPSI200,2017-12-22,-0.052002479,-5.200247912
KOPSI200,2017-12-23,-0.052002479,-5.200247912
KOPSI200,2017-12-25,-0.052002479,-5.200247912
KOPSI200,2017-12-26,-0.058849571,-5.884957058
KOPSI200,2017-12-27,-0.054835758,-5.483575834
KOPSI200,2017-12-28,-0.041584275,-4.15842753
KOPSI200,2017-12-29,-0.041584275,-4.15842753
